batch_id,tx_id,fee_ada,tx_size_bytes,submit_ts_utc,inclusion_ts_utc,included_block_no,included_block_hash
0,16578034c2a4fae02e8eaf2c877df966cf1581818e179c8cad10b5ab19257c2d,0.175533,458,2026-08-07T03:38:14.376805+00:00,2026-08-07T03:38:36+00:00,13776751,590b8cd37105c4fe5b30eb5381074514626051d53021774bcf88466fbe9b71bf
1,7cc8c7556658bb6af23d89e41b1bfc471d673e75106ef8a7d8ed0a1c52264679,0.175533,458,2026-08-07T03:40:17.015365+00:00,2026-08-07T03:40:57+00:00,13776757,4adc15ff4875da391e0477aadd4376eebe6ef88e4c8df65e6b9926c57e1545e1
2,ff6a27762f10718d44f290d73a21905ff92a966c0246166cf9365829ad3514c7,0.175533,458,2026-08-07T03:41:09.941108+00:00,2026-08-07T03:41:13+00:00,13776758,044edba489252657122dc03cb92262941dd6e276636dbb1ac2839e1c29aa831e
3,2b3be31a7505145edbcabe9c2c2182703e143c7b2f0171f187ae273e46b64b8c,0.175533,458,2026-08-07T03:41:26.718209+00:00,2026-08-07T03:42:09+00:00,13776759,be76fe1964a60eaa56b1fc39cf9973ddacf6726e0d8ffaef7ae75465d9586300
4,2f687e20d6225427071282140a76f5847c745befb677cb81dcbef9b75a0a6f34,0.175533,458,2026-08-07T03:42:19.493256+00:00,2026-08-07T03:42:22+00:00,13776760,5ed4e2cdf4c2b250691e124c972394a2a0a64d8c7ed004c6a17cde279dea2630
5,7bf6c69040a378106901309c2fbc56753b561cea5b6740edca4164c0e5657c82,0.175533,458,2026-08-07T03:42:36.423116+00:00,2026-08-07T03:43:04+00:00,13776761,f8e2d78f304867d5c012d29610b5ec8af5c85cba8a07381eac93bb333c024279
6,35d39ea05acc87e4e0ff550545a46930759b0d4ca56e6a15836d3e6233b47eb4,0.175533,458,2026-08-07T03:43:14.113045+00:00,2026-08-07T03:43:24+00:00,13776762,685725892db9eb06b6eb64cb1711755c8143da35cbd80626e4cb1f7564168291
7,d1ba6e75bc6102dc897e825fce77d9c8a56288e73467c26a0cbbf58e2024cc63,0.175533,458,2026-08-07T03:43:41.252492+00:00,2026-08-07T03:44:17+00:00,13776763,95fe3ac1b65c51580950200c208062ee20d00d893957e7817a728b4d655b5565
8,d7d0369395501bcd464c0660fa07bc6f56366085c4ca26a20203719bf671188b,0.175533,458,2026-08-07T03:44:23.884841+00:00,2026-08-07T03:44:27+00:00,13776765,a00422749bc97aa46229ba3046cb920be80b4216122a1e5169c6de31f59ba2fb
9,37ecd969bfa376bd72a0c32cedbb81f98df43af9be964815dcbe8344c5b9a7d6,0.175533,458,2026-08-07T03:44:47.719507+00:00,2026-08-07T03:44:49+00:00,13776766,c14f552635f6df7f1b732a0aab8feee9d9900f88a56d78e10b77991417602861
10,ebc5e1b922e7f5103e96c57b7f1147fb1e7fd2c222cd88d316c282c147a35665,0.175577,459,2026-08-07T03:45:04.635145+00:00,2026-08-07T03:45:05+00:00,13776768,4a59a6a7a0c222c170bb43bbe264956f6acbe7931da1abf212c9b561bfbe1096
11,bdaba9094c445d8471c1b0944692c7b89c130724c02d3f0f66d42356722f69c1,0.175577,459,2026-08-07T03:45:21.513186+00:00,2026-08-07T03:45:55+00:00,13776769,284f8f9585a75b2145f25188ae1ee79f2bc310d80586457d1491e65b9a394c39
12,e2e8836ab21f463cefc3c84d1c1b89a8cf4f69e851205096d643b30168a386a0,0.175577,459,2026-08-07T03:45:59.876916+00:00,2026-08-07T03:46:10+00:00,13776770,afe1b9fae8e29ac60c926d09c78b278f1a633e75d703f61a819a2ca91987cacc
13,01938a5ff90c119201029c4da601dc37cb33a6fdc44d30952c9d618dc31ac09f,0.175577,459,2026-08-07T03:46:27.050146+00:00,2026-08-07T03:46:49+00:00,13776773,f2ab180e2960c7656fedf27d4968fc77ed5cc88d776bfd2cc9aa59a657cf8e15
14,ffeb69d519b0a33f63ec1c2d8270245cec68a2a7424369ee1eeee322f53ede34,0.175577,459,2026-08-07T03:47:04.632410+00:00,2026-08-07T03:47:48+00:00,13776775,7c009bf807403000dbedbe5d8a5ea2120472bb23c25175d1c68100f9a2d1759a
15,d8e6f66fd2a240444bfe03c50c634b975722b9d8850e65e017183c794e88c947,0.175577,459,2026-08-07T03:47:57.547318+00:00,2026-08-07T03:48:05+00:00,13776776,82b272a5ebdd1d6bc4d1e6db791452983fd7edaac3aeecfaed90858fddf73650
16,6a96542d7a13c886e27c2bcf28ce295d0b65697154411503c063d8fa7bd0b8c8,0.175577,459,2026-08-07T03:48:25.015216+00:00,2026-08-07T03:48:36+00:00,13776778,e749d37c54803e6e9928a89e287daef88cbfe59ea9319979a04c9ffebfcccb18
17,2258905ea3266d51a29446814b169f6075cef486d607a6d205b36cf2095fe152,0.175577,459,2026-08-07T03:48:52.116382+00:00,2026-08-07T03:49:10+00:00,13776779,87ca38516d808ff711e0725f2d1388391d3538d279fbe5d861d182576bdd707a
18,e6dc22e14abc578c20339bd3b10ed10f4815fcfe090a64acc37d2bbf107c8f60,0.175577,459,2026-08-07T03:49:19.349539+00:00,2026-08-07T03:50:06+00:00,13776781,592f55933f285859462c57efa7fa54029096dded2f33fecaaf5f795a3c05d3ba
19,50de050a3dedd8af12984f69784333fb458fd9c64b799ed4a1025352efe81a91,0.175577,459,2026-08-07T03:50:13.019161+00:00,2026-08-07T03:50:22+00:00,13776782,401ad997244e3af0d5bbe39ede909da83b016a95b1002df347f010d8d21bcf03
20,47a38b1992d976cc92452e86182af15c115375f91764c937f9de66c8bcf5c923,0.175577,459,2026-08-07T03:50:29.860761+00:00,2026-08-07T03:51:04+00:00,13776783,ae277064255e1f8d991a57ebbbdaafc76254848398a9b72bc9954e47aefdd048
21,86b6487c614482b48fc557fbed872b95ce02c7ca180e80d1ad8f1bf3c065b816,0.175577,459,2026-08-07T03:51:12.394634+00:00,2026-08-07T03:51:14+00:00,13776784,5e4f175fb70aac41302fd4398d3fc98c294da830c93fa8fb15e371a8414634d1
22,bbd95bb5acaa2347f856032680b21007033f1e46c473e2fc45f03fe990e741c9,0.175577,459,2026-08-07T03:51:29.116572+00:00,2026-08-07T03:51:48+00:00,13776786,69638c18d010f4b46d9a2b12691d745e7da230bd1f69559cfd364be528cc6306
23,2e0525c2270cbb4e02797f5221af3ee9c63c80ca7ffd402ba36a9b1f50df4d46,0.175577,459,2026-08-07T03:52:06.539939+00:00,2026-08-07T03:52:16+00:00,13776787,cb56defe3d29291ebdb0cb4fcad84063fa5d4dd3f4695f1ec07546cfa891160a
24,ebcfdc95b041fdca7f89438b5b061e1d8f06965cd6b683790e6fa156bd67f786,0.175577,459,2026-08-07T03:52:29.859734+00:00,2026-08-07T03:52:54+00:00,13776790,4d62b6ce7104e1f83ac79fe921abf28479b8993efd82aec6816e3ee8a4df122f
25,914b6547f111262b988e108495e9f4563843bceacbaa509488aceaf255cda3b7,0.175577,459,2026-08-07T03:53:07.394033+00:00,2026-08-07T03:53:27+00:00,13776792,0de32a78b6dc09e5a2106e1d07dca1e0041dae43c444b02462a963b5ac55775c
26,04112b95e7cb8e228bcc587e253ddb2970c6b8ab71fa421b083300a365cb0ab5,0.175577,459,2026-08-07T03:53:44.827875+00:00,2026-08-07T03:53:50+00:00,13776796,8809ad657e00f38aa871c96b2be542438336b71bafcffc4b418553dd73765d3b
27,b280892eebb4d4a490fa26d50cdfd7bb2743d31211ab3b4e289580ab30cbebf3,0.175577,459,2026-08-07T03:54:01.611465+00:00,2026-08-07T03:54:16+00:00,13776798,a597141e7961f5d98dc68ae62de88febf149620b371ca21c6eb9f48abd3363be
28,6389c536096ee4d156d924cd412a452c0b2eb72404c36797ea1d51ea6d476f1c,0.175577,459,2026-08-07T03:54:29.277964+00:00,2026-08-07T03:54:57+00:00,13776799,a60347db51e24c419dd2131d5a9a4f62ff7af2adc9703612a314e221c94bb4ba
29,e1c93118914f6094d0c9241c4fb8be62eeeef9bf7855733413c139c9cd830311,0.175577,459,2026-08-07T03:55:06.947609+00:00,2026-08-07T03:55:27+00:00,13776801,84a47efffa5595cb4f46858cf8632880925a755d1f6d52ec3528b81234eb0d49
